1,welcome,_____________________________________________________
2,btree-index,_________________________________________________
3,leaf-scan,___________________________________________________
4,range-query,_________________________________________________
5,mini-db,_____________________________________________________
6,csv-storage,_________________________________________________
7,post-demo,___________________________________________________
8,next-link,___________________________________________________
9,parser-test,_________________________________________________
10,executor-test,______________________________________________
11,second-page,________________________________________________
12,auto-id,____________________________________________________
13,board-title,________________________________________________
14,fixed-row,__________________________________________________
15,index-rebuild,______________________________________________
16,select-demo,________________________________________________
17,insert-demo,________________________________________________
18,hello-post,_________________________________________________
19,sample-post,________________________________________________
20,final-post,_________________________________________________
